{"payload":{"installed_packages":["absl-py==1.3.0","anyio==3.5.0","argon2-cffi-bindings==21.2.0","argon2-cffi==21.3.0","asttokens==2.0.5","attrs==21.4.0","babel==2.9.1","backcall==0.2.0","beautifulsoup4==4.11.1","bleach==4.1.0","brotlipy==0.7.0","cachetools==5.2.0","certifi==2022.9.24","cffi==1.15.1","charset-normalizer==2.0.4","clearml==1.8.0","colorama==0.4.5","comet-ml==3.31.18","configobj==5.0.6","contourpy==1.0.6","cryptography==38.0.1","cycler==0.11.0","debugpy==1.5.1","decorator==5.1.1","defusedxml==0.7.1","dulwich==0.20.50","entrypoints==0.4","everett==3.1.0","executing==0.8.3","fastjsonschema==2.16.2","fonttools==4.38.0","furl==2.1.3","google-auth-oauthlib==0.4.6","google-auth==2.14.1","grpcio==1.50.0","idna==3.4","importlib-metadata==4.11.3","importlib-resources==5.2.0","ipykernel==6.15.2","ipython-genutils==0.2.0","ipython==8.6.0","ipywidgets==7.6.5","jedi==0.18.1","jinja2==3.1.2","json5==0.9.6","jsonschema==4.16.0","jupyter-client==7.3.5","jupyter-console==6.4.3","jupyter-core==4.11.2","jupyter-server==1.18.1","jupyter==1.0.0","jupyterlab-pygments==0.1.2","jupyterlab-server==2.15.2","jupyterlab-widgets==1.0.0","jupyterlab==3.4.4","kiwisolver==1.4.4","lxml==4.9.1","markdown==3.4.1","markupsafe==2.1.1","matplotlib-inline==0.1.6","matplotlib==3.6.2","mistune==0.8.4","nbclassic==0.4.8","nbclient==0.5.13","nbconvert==6.5.4","nbformat==5.5.0","nest-asyncio==1.5.5","notebook-shim==0.2.2","notebook==6.5.2","numpy==1.23.4","oauthlib==3.2.2","opencv-python==4.6.0.66","orderedmultidict==1.0.1","packaging==21.3","pandas==1.5.1","pandocfilters==1.5.0","parso==0.8.3","pathlib2==2.3.7.post1","pickleshare==0.7.5","pillow==9.3.0","pip==22.2.2","pkgutil-resolve-name==1.3.10","ply==3.11","prometheus-client==0.14.1","prompt-toolkit==3.0.20","protobuf==3.20.3","psutil==5.9.0","pure-eval==0.2.2","pyasn1-modules==0.2.8","pyasn1==0.4.8","pycparser==2.21","pygments==2.11.2","pyjwt==2.4.0","pyopenssl==22.0.0","pyparsing==3.0.9","pyqt5-sip==12.11.0","pyqt5==5.15.7","pyrsistent==0.18.0","pysocks==1.7.1","python-dateutil==2.8.2","pytz==2022.1","pywin32==302","pywinpty==2.0.2","pyyaml==6.0","pyzmq==23.2.0","qtconsole==5.3.2","qtpy==2.2.0","requests-oauthlib==1.3.1","requests-toolbelt==0.10.1","requests==2.28.1","rsa==4.9","seaborn==0.12.1","semantic-version==2.10.0","send2trash==1.8.0","sentry-sdk==1.11.0","setuptools==65.5.0","simplejson==3.18.0","sip==6.6.2","six==1.16.0","sniffio==1.2.0","soupsieve==2.3.2.post1","stack-data==0.2.0","tensorboard-data-server==0.6.1","tensorboard-plugin-wit==1.8.1","tensorboard==2.11.0","terminado==0.13.1","tinycss2==1.2.1","toml==0.10.2","torch==1.13.0","torchvision==0.14.0","tornado==6.2","tqdm==4.64.1","traitlets==5.1.1","typing-extensions==4.3.0","urllib3==1.26.12","wcwidth==0.2.5","webencodings==0.5.1","websocket-client==0.58.0","werkzeug==2.2.2","wheel==0.37.1","widgetsnbextension==3.5.2","win-inet-pton==1.1.0","wincertstore==0.2","wrapt==1.14.1","wurlitzer==3.0.2","zipp==3.8.0"],"local_timestamp":1668579789526},"type":"ws_msg"}
{"payload":{"env_details":{"command":["train.py","--batch","16","--epochs","2","--data","C:\\Users\\LG\\GIT_BBJ\\Final_Project\\TrainingData\\folder1\\data.yaml","--cfg","C:\\Users\\LG\\GIT_BBJ\\Final_Project\\yolov5\\models\\yolov5s.yaml","--weights","yolov5s.pt","--name","downSamplingData_yolov5s_results"],"env":null,"hostname":"DESKTOP-KKTAOB0","ip":"172.20.66.253","machine":"AMD64","os":"Windows-10-10.0.19044-SP0","os_release":"10","os_type":"Windows","pid":11452,"processor":"Intel64 Family 6 Model 140 Stepping 2, GenuineIntel","python_exe":"C:\\ProgramData\\Anaconda3\\envs\\PY38\\python.exe","python_version":"3.8.15","python_version_verbose":"3.8.15 (default, Nov  4 2022, 15:16:59) [MSC v.1916 64 bit (AMD64)]","user":"LG"},"local_timestamp":1668579790425},"type":"ws_msg"}
{"payload":{"local_timestamp":1668579790579,"metric":{"epoch":null,"metricName":"sys.cpu.percent.avg","metricValue":19.4125,"step":null}},"type":"metric_msg"}
{"payload":{"local_timestamp":1668579790579,"metric":{"epoch":null,"metricName":"sys.cpu.percent.01","metricValue":20.0,"step":null}},"type":"metric_msg"}
{"payload":{"local_timestamp":1668579790579,"metric":{"epoch":null,"metricName":"sys.cpu.percent.02","metricValue":16.7,"step":null}},"type":"metric_msg"}
{"payload":{"local_timestamp":1668579790579,"metric":{"epoch":null,"metricName":"sys.cpu.percent.03","metricValue":33.3,"step":null}},"type":"metric_msg"}
{"payload":{"local_timestamp":1668579790579,"metric":{"epoch":null,"metricName":"sys.cpu.percent.04","metricValue":20.0,"step":null}},"type":"metric_msg"}
{"payload":{"local_timestamp":1668579790579,"metric":{"epoch":null,"metricName":"sys.cpu.percent.05","metricValue":20.0,"step":null}},"type":"metric_msg"}
{"payload":{"local_timestamp":1668579790579,"metric":{"epoch":null,"metricName":"sys.cpu.percent.06","metricValue":14.3,"step":null}},"type":"metric_msg"}
{"payload":{"local_timestamp":1668579790579,"metric":{"epoch":null,"metricName":"sys.cpu.percent.07","metricValue":16.7,"step":null}},"type":"metric_msg"}
{"payload":{"local_timestamp":1668579790579,"metric":{"epoch":null,"metricName":"sys.cpu.percent.08","metricValue":14.3,"step":null}},"type":"metric_msg"}
{"payload":{"local_timestamp":1668579790579,"metric":{"epoch":null,"metricName":"sys.load.avg","metricValue":0.0,"step":null}},"type":"metric_msg"}
{"payload":{"local_timestamp":1668579790579,"metric":{"epoch":null,"metricName":"sys.ram.total","metricValue":16890646528,"step":null}},"type":"metric_msg"}
{"payload":{"local_timestamp":1668579790579,"metric":{"epoch":null,"metricName":"sys.ram.used","metricValue":6295961600,"step":null}},"type":"metric_msg"}
{"payload":{"local_timestamp":1668579790579,"param":{"paramName":"batch","paramValue":16,"source":"cli","step":null}},"type":"parameter_msg"}
{"payload":{"local_timestamp":1668579790579,"param":{"paramName":"epochs","paramValue":2,"source":"cli","step":null}},"type":"parameter_msg"}
{"payload":{"local_timestamp":1668579790579,"param":{"paramName":"data","paramValue":"C:\\Users\\LG\\GIT_BBJ\\Final_Project\\TrainingData\\folder1\\data.yaml","source":"cli","step":null}},"type":"parameter_msg"}
{"payload":{"local_timestamp":1668579790579,"param":{"paramName":"cfg","paramValue":"C:\\Users\\LG\\GIT_BBJ\\Final_Project\\yolov5\\models\\yolov5s.yaml","source":"cli","step":null}},"type":"parameter_msg"}
{"payload":{"local_timestamp":1668579790579,"param":{"paramName":"weights","paramValue":"yolov5s.pt","source":"cli","step":null}},"type":"parameter_msg"}
{"payload":{"local_timestamp":1668579790579,"param":{"paramName":"name","paramValue":"downSamplingData_yolov5s_results","source":"cli","step":null}},"type":"parameter_msg"}
{"payload":{"local_timestamp":1668579790579,"log_other":{"key":"offline_experiment","val":true}},"type":"ws_msg"}
{"payload":{"local_timestamp":1668579790579,"stderr":true,"stdout":"Traceback (most recent call last):\n"},"type":"ws_msg"}
{"payload":{"local_timestamp":1668579790579,"stderr":true,"stdout":"  File \"train.py\", line 630, in <module>\n"},"type":"ws_msg"}
{"payload":{"local_timestamp":1668579790579,"stderr":true,"stdout":"    "},"type":"ws_msg"}
{"payload":{"local_timestamp":1668579790579,"stderr":true,"stdout":"main(opt)"},"type":"ws_msg"}
{"payload":{"local_timestamp":1668579790579,"stderr":true,"stdout":"\n"},"type":"ws_msg"}
{"payload":{"local_timestamp":1668579790579,"stderr":true,"stdout":"  File \"train.py\", line 524, in main\n"},"type":"ws_msg"}
{"payload":{"local_timestamp":1668579790579,"stderr":true,"stdout":"    "},"type":"ws_msg"}
{"payload":{"local_timestamp":1668579790579,"stderr":true,"stdout":"train(opt.hyp, opt, device, callbacks)"},"type":"ws_msg"}
{"payload":{"local_timestamp":1668579790579,"stderr":true,"stdout":"\n"},"type":"ws_msg"}
{"payload":{"local_timestamp":1668579790579,"stderr":true,"stdout":"  File \"train.py\", line 93, in train\n"},"type":"ws_msg"}
{"payload":{"local_timestamp":1668579790587,"stderr":true,"stdout":"    "},"type":"ws_msg"}
{"payload":{"local_timestamp":1668579790587,"stderr":true,"stdout":"loggers = Loggers(save_dir, weights, opt, hyp, LOGGER)  # loggers instance"},"type":"ws_msg"}
{"payload":{"local_timestamp":1668579790588,"stderr":true,"stdout":"\n"},"type":"ws_msg"}
{"payload":{"local_timestamp":1668579790588,"stderr":true,"stdout":"  File \"C:\\Users\\LG\\GIT_BBJ\\Final_Project\\yolov5\\utils\\loggers\\__init__.py\", line 132, in __init__\n"},"type":"ws_msg"}
{"payload":{"local_timestamp":1668579790588,"stderr":true,"stdout":"    "},"type":"ws_msg"}
{"payload":{"local_timestamp":1668579790588,"stderr":true,"stdout":"self.comet_logger = CometLogger(self.opt, self.hyp)"},"type":"ws_msg"}
{"payload":{"local_timestamp":1668579790588,"stderr":true,"stdout":"\n"},"type":"ws_msg"}
{"payload":{"local_timestamp":1668579790588,"stderr":true,"stdout":"  File \"C:\\Users\\LG\\GIT_BBJ\\Final_Project\\yolov5\\utils\\loggers\\comet\\__init__.py\", line 97, in __init__\n"},"type":"ws_msg"}
{"payload":{"local_timestamp":1668579790588,"stderr":true,"stdout":"    "},"type":"ws_msg"}
{"payload":{"local_timestamp":1668579790588,"stderr":true,"stdout":"self.data_dict = self.check_dataset(self.opt.data)"},"type":"ws_msg"}
{"payload":{"local_timestamp":1668579790588,"stderr":true,"stdout":"\n"},"type":"ws_msg"}
{"payload":{"local_timestamp":1668579790588,"stderr":true,"stdout":"  File \"C:\\Users\\LG\\GIT_BBJ\\Final_Project\\yolov5\\utils\\loggers\\comet\\__init__.py\", line 234, in check_dataset\n"},"type":"ws_msg"}
{"payload":{"local_timestamp":1668579790588,"stderr":true,"stdout":"    "},"type":"ws_msg"}
{"payload":{"local_timestamp":1668579790588,"stderr":true,"stdout":"if data_config['path'].startswith(COMET_PREFIX):"},"type":"ws_msg"}
{"payload":{"local_timestamp":1668579790588,"stderr":true,"stdout":"\n"},"type":"ws_msg"}
{"payload":{"local_timestamp":1668579790588,"stderr":true,"stdout":"KeyError"},"type":"ws_msg"}
{"payload":{"local_timestamp":1668579790588,"stderr":true,"stdout":": "},"type":"ws_msg"}
{"payload":{"local_timestamp":1668579790588,"stderr":true,"stdout":"'path'"},"type":"ws_msg"}
{"payload":{"local_timestamp":1668579790588,"stderr":true,"stdout":"\n"},"type":"ws_msg"}
{"payload":{"local_timestamp":1668579790588,"log_other":{"key":"sys.already_imported_modules","val":"[\"tensorboard\", \"torch\"]"}},"type":"ws_msg"}
